<?xml version="1.0" encoding="UTF-8"?>
<beans xmlns="http://www.springframework.org/schema/beans"
       xmlns:xsi="http://www.w3.org/2001/XMLSchema-instance"
       xmlns:p="http://www.springframework.org/schema/p"
       xmlns:c="http://www.springframework.org/schema/c"
       xmlns:util="http://www.springframework.org/schema/util"
       xmlns:context="http://www.springframework.org/schema/context"
       xmlns:aop="http://www.springframework.org/schema/aop"
       xmlns:tx="http://www.springframework.org/schema/tx"
       xmlns:mvc="http://www.springframework.org/schema/mvc"
       xsi:schemaLocation="
       http://www.springframework.org/schema/beans
       http://www.springframework.org/schema/beans/spring-beans.xsd
       http://www.springframework.org/schema/util
       http://www.springframework.org/schema/util/spring-util.xsd
       http://www.springframework.org/schema/context
       http://www.springframework.org/schema/context/spring-context.xsd
       http://www.springframework.org/schema/aop
       http://www.springframework.org/schema/aop/spring-aop.xsd
       http://www.springframework.org/schema/tx
       http://www.springframework.org/schema/tx/spring-tx.xsd
       http://www.springframework.org/schema/mvc
       http://www.springframework.org/schema/mvc/spring-mvc.xsd
">
    <!-- 控制 扫描controller类   -->
    <context:component-scan base-package="com.lihh.controller" />

    <!-- 配置三大组件   -->
<!--    <mvc:annotation-driven />-->

    <!-- 配置视图解析器 如果只是作为接口服务器，下面的配置不要也行   -->
<!--    <bean class="org.springframework.web.servlet.view.InternalResourceViewResolver" />-->

    <!-- 配置资源放行 下面注释中 需要放行哪些资源后 直接删除注释  -->
    <!--<mvc:resources mapping="/js/**" location="/js/"></mvc:resources>-->
    <!--<mvc:resources mapping="/css/**" location="/css/"></mvc:resources>-->
    <!--<mvc:resources mapping="/img/**" location="/img/"></mvc:resources>-->
    <!--<mvc:resources mapping="/static/**" location="/static/"></mvc:resources>-->
</beans>